{
  "song_filepath": "assets/songs/music_files/ForestLullaby.wav",
  "song_length": 60.0,
  "bpm": 163.0,
  "credits": "Forest Lullaby",
  "high_score": 130786,
  "notes": [
    [
      6.6270833,
      3.0,
      0.0
    ],
    [
      13.191667,
      4.0,
      0.0
    ],
    [
      19.03125,
      2.0,
      0.0
    ],
    [
      24.55208,
      1.0,
      0.0
    ],
    [
      30.510418,
      1.0,
      0.0
    ],
    [
      32.608334,
      3.0,
      3.25
    ],
    [
      38.597916,
      2.0,
      1.0
    ],
    [
      42.82083,
      1.0,
      0.0
    ],
    [
      48.918755,
      3.0,
      0.0
    ],
    [
      55.00833,
      1.0,
      0.0
    ],
    [
      61.416664,
      1.0,
      6.0
    ],
    [
      69.652084,
      3.0,
      0.0
    ],
    [
      73.31458,
      1.0,
      0.0
    ],
    [
      77.19583,
      2.0,
      0.0
    ],
    [
      81.07916,
      3.0,
      0.0
    ],
    [
      88.275,
      4.0,
      1.5
    ],
    [
      92.760414,
      3.0,
      0.0
    ],
    [
      96.0375,
      4.0,
      2.0
    ],
    [
      101.30833,
      4.0,
      0.0
    ],
    [
      115.29375,
      2.0,
      0.0
    ],
    [
      118.57082,
      4.0,
      0.0
    ],
    [
      122.35833,
      4.0,
      0.0
    ],
    [
      126.08333,
      1.0,
      0.0
    ],
    [
      129.88333,
      3.0,
      0.0
    ],
    [
      133.4375,
      1.0,
      0.0
    ],
    [
      137.55833,
      4.0,
      1.25
    ],
    [
      144.73541,
      4.0,
      0.0
    ],
    [
      148.11249,
      1.0,
      0.0
    ],
    [
      151.74167,
      3.0,
      0.0
    ],
    [
      159.31041,
      1.0,
      1.0
    ],
    [
      162.50624,
      4.0,
      0.0
    ],
    [
      166.29166,
      2.0,
      0.0
    ],
    [
      169.98125,
      3.0,
      0.0
    ],
    [
      173.39374,
      4.0,
      0.0
    ],
    [
      177.08542,
      3.0,
      0.0
    ],
    [
      180.62083,
      2.0,
      4.5
    ],
    [
      186.39583,
      3.0,
      2.0
    ],
    [
      194.32085,
      1.0,
      0.0
    ],
    [
      202.17706,
      4.0,
      0.0
    ],
    [
      206.25,
      4.0,
      0.0
    ],
    [
      210.2875,
      3.0,
      0.0
    ],
    [
      216.75835,
      1.0,
      0.0
    ],
    [
      220.19167,
      1.0,
      0.0
    ],
    [
      224.3,
      4.0,
      0.0
    ],
    [
      228.08957,
      3.0,
      0.0
    ],
    [
      232.50835,
      2.0,
      0.0
    ],
    [
      238.56668,
      4.0,
      0.0
    ],
    [
      240.80624,
      1.0,
      0.0
    ],
    [
      244.56459,
      2.0,
      0.0
    ],
    [
      248.6354,
      3.0,
      0.0
    ],
    [
      252.9375,
      1.0,
      0.0
    ],
    [
      256.1146,
      3.0,
      0.0
    ],
    [
      259.83957,
      1.0,
      0.0
    ],
    [
      263.78333,
      1.0,
      0.0
    ],
    [
      268.0208,
      2.0,
      0.0
    ],
    [
      271.6104,
      1.0,
      0.0
    ],
    [
      275.08124,
      3.0,
      0.0
    ],
    [
      278.96457,
      4.0,
      2.0
    ],
    [
      282.81042,
      4.0,
      0.0
    ],
    [
      286.44583,
      2.0,
      0.0
    ],
    [
      290.54584,
      1.0,
      0.0
    ],
    [
      297.97708,
      4.0,
      0.0
    ],
    [
      301.46667,
      3.0,
      0.0
    ],
    [
      305.31665,
      4.0,
      0.0
    ],
    [
      309.08542,
      4.0,
      0.0
    ],
    [
      312.7021,
      2.0,
      0.0
    ],
    [
      316.3,
      2.0,
      0.5
    ],
    [
      327.82083,
      2.0,
      0.0
    ],
    [
      331.1042,
      2.0,
      0.0
    ],
    [
      342.08124,
      2.0,
      0.0
    ],
    [
      345.56042,
      4.0,
      0.0
    ],
    [
      349.13748,
      3.0,
      0.0
    ],
    [
      353.0375,
      1.0,
      0.0
    ],
    [
      356.6875,
      2.0,
      0.0
    ],
    [
      360.11874,
      4.0,
      0.0
    ],
    [
      363.98956,
      2.0,
      3.5
    ],
    [
      111.58541,
      2.0,
      1.25
    ],
    [
      320.05832,
      3.0,
      0.5
    ],
    [
      334.625,
      1.0,
      0.0
    ]
  ],
  "attacks": []
}