{
  "song_filepath": "assets/songs/music_files/ForestLullaby.wav",
  "song_length": 138.0,
  "bpm": 163.0,
  "credits": "Forest Lullaby",
  "high_score": 0,
  "notes": [
    [
      3.7854168,
      2.0,
      0.0
    ],
    [
      6.6270833,
      3.0,
      0.0
    ],
    [
      8.708334,
      4.0,
      0.0
    ],
    [
      13.191667,
      4.0,
      0.0
    ],
    [
      16.347918,
      4.0,
      0.0
    ],
    [
      19.28125,
      2.0,
      0.0
    ],
    [
      20.7,
      4.0,
      0.0
    ],
    [
      24.55208,
      1.0,
      0.0
    ],
    [
      26.760416,
      2.0,
      0.0
    ],
    [
      29.760418,
      1.0,
      0.0
    ],
    [
      31.306248,
      4.0,
      0.0
    ],
    [
      32.608334,
      3.0,
      1.5
    ],
    [
      36.260418,
      4.0,
      0.0
    ],
    [
      38.597916,
      2.0,
      1.0
    ],
    [
      40.752083,
      4.0,
      0.0
    ],
    [
      42.32083,
      1.0,
      0.0
    ],
    [
      48.918755,
      3.0,
      0.0
    ],
    [
      51.506252,
      2.0,
      0.0
    ],
    [
      54.75833,
      1.0,
      0.0
    ],
    [
      56.42917,
      1.0,
      0.0
    ],
    [
      60.437496,
      3.0,
      0.0
    ],
    [
      61.416664,
      1.0,
      6.0
    ],
    [
      69.652084,
      3.0,
      0.0
    ],
    [
      73.31458,
      1.0,
      0.0
    ],
    [
      77.19583,
      2.0,
      0.0
    ],
    [
      78.331245,
      2.0,
      0.0
    ],
    [
      81.07916,
      3.0,
      0.0
    ],
    [
      84.07709,
      3.0,
      0.0
    ],
    [
      86.09375,
      4.0,
      0.0
    ],
    [
      88.275,
      4.0,
      1.5
    ],
    [
      91.39792,
      2.0,
      0.0
    ],
    [
      92.760414,
      3.0,
      0.0
    ],
    [
      96.0375,
      4.0,
      2.0
    ],
    [
      99.35209,
      3.0,
      0.0
    ],
    [
      101.30833,
      4.0,
      0.0
    ],
    [
      103.77917,
      2.0,
      0.75
    ],
    [
      106.83125,
      4.0,
      0.0
    ],
    [
      109.168755,
      3.0,
      0.0
    ],
    [
      115.54375,
      2.0,
      0.0
    ],
    [
      117.20625,
      2.0,
      0.0
    ],
    [
      117.27708,
      3.0,
      0.0
    ],
    [
      118.57082,
      4.0,
      0.0
    ],
    [
      120.56042,
      1.0,
      0.0
    ],
    [
      121.981255,
      2.0,
      0.0
    ],
    [
      122.35833,
      4.0,
      0.0
    ],
    [
      124.12499,
      1.0,
      0.0
    ],
    [
      126.08333,
      1.0,
      0.0
    ],
    [
      127.37708,
      4.0,
      0.0
    ],
    [
      129.08125,
      1.0,
      0.0
    ],
    [
      131.13333,
      3.0,
      0.0
    ],
    [
      133.4375,
      1.0,
      0.0
    ],
    [
      134.92291,
      2.0,
      0.0
    ],
    [
      137.41249,
      1.0,
      0.0
    ],
    [
      139.43333,
      4.0,
      1.25
    ],
    [
      143.59999,
      3.0,
      0.0
    ],
    [
      144.73541,
      4.0,
      0.0
    ],
    [
      148.11249,
      1.0,
      0.0
    ],
    [
      148.14583,
      4.0,
      0.0
    ],
    [
      151.74167,
      3.0,
      0.0
    ],
    [
      153.32085,
      2.0,
      0.0
    ],
    [
      155.46667,
      2.0,
      0.0
    ],
    [
      156.79375,
      4.0,
      0.0
    ],
    [
      159.56041,
      1.0,
      0.0
    ],
    [
      160.29375,
      2.0,
      1.0
    ],
    [
      162.50624,
      4.0,
      0.0
    ],
    [
      164.02083,
      3.0,
      0.0
    ],
    [
      166.29166,
      2.0,
      0.0
    ],
    [
      169.98125,
      3.0,
      0.0
    ],
    [
      171.27707,
      4.0,
      0.0
    ],
    [
      173.39374,
      4.0,
      0.0
    ],
    [
      174.78334,
      3.0,
      0.0
    ],
    [
      177.08542,
      4.0,
      0.0
    ],
    [
      178.41249,
      4.0,
      0.0
    ],
    [
      180.14792,
      4.0,
      0.0
    ],
    [
      180.62083,
      2.0,
      1.5
    ],
    [
      182.70207,
      2.0,
      3.0
    ],
    [
      186.39583,
      3.0,
      2.0
    ],
    [
      191.79375,
      4.0,
      0.0
    ],
    [
      194.32085,
      1.0,
      0.0
    ],
    [
      195.67918,
      2.0,
      1.25
    ],
    [
      202.17706,
      4.0,
      0.0
    ],
    [
      204.28958,
      1.0,
      0.0
    ],
    [
      206.25,
      4.0,
      0.0
    ],
    [
      207.7,
      4.0,
      0.0
    ],
    [
      210.2875,
      3.0,
      0.0
    ],
    [
      211.23541,
      2.0,
      0.0
    ],
    [
      214.8625,
      2.0,
      0.0
    ],
    [
      216.75835,
      1.0,
      0.0
    ],
    [
      217.83125,
      4.0,
      0.0
    ],
    [
      219.69167,
      1.0,
      0.0
    ],
    [
      221.74585,
      2.0,
      1.0
    ],
    [
      224.3,
      4.0,
      0.0
    ],
    [
      225.84584,
      1.0,
      0.0
    ],
    [
      228.08957,
      3.0,
      0.0
    ],
    [
      230.71667,
      1.0,
      0.0
    ],
    [
      232.50835,
      2.0,
      0.0
    ],
    [
      234.55208,
      4.0,
      0.0
    ],
    [
      236.3875,
      1.0,
      0.5
    ],
    [
      238.56668,
      4.0,
      0.0
    ],
    [
      240.80624,
      1.0,
      0.5
    ],
    [
      242.38333,
      2.0,
      0.5
    ],
    [
      244.56459,
      2.0,
      0.0
    ],
    [
      245.60834,
      1.0,
      0.0
    ],
    [
      246.01874,
      2.0,
      0.5
    ],
    [
      248.6354,
      3.0,
      0.0
    ],
    [
      252.16875,
      4.0,
      0.0
    ],
    [
      253.9375,
      1.0,
      0.0
    ],
    [
      253.97084,
      3.0,
      0.0
    ],
    [
      256.1146,
      1.0,
      0.0
    ],
    [
      259.83957,
      1.0,
      0.0
    ],
    [
      261.51044,
      3.0,
      0.0
    ],
    [
      261.47916,
      4.0,
      0.0
    ],
    [
      263.78333,
      1.0,
      0.0
    ],
    [
      265.20627,
      4.0,
      0.0
    ],
    [
      268.0208,
      2.0,
      0.0
    ],
    [
      269.11667,
      4.0,
      0.0
    ],
    [
      271.6104,
      1.0,
      0.0
    ],
    [
      275.08124,
      3.0,
      0.0
    ],
    [
      276.85,
      1.0,
      0.0
    ],
    [
      277.95627,
      4.0,
      0.0
    ],
    [
      278.96457,
      4.0,
      2.0
    ],
    [
      282.81042,
      4.0,
      0.0
    ],
    [
      284.0146,
      1.0,
      0.0
    ],
    [
      286.44583,
      2.0,
      0.0
    ],
    [
      288.2125,
      1.0,
      0.0
    ],
    [
      289.7271,
      2.0,
      0.0
    ],
    [
      290.54584,
      1.0,
      0.0
    ],
    [
      295.53333,
      1.0,
      0.0
    ],
    [
      299.22708,
      4.0,
      0.0
    ],
    [
      301.46667,
      3.0,
      0.0
    ],
    [
      303.45627,
      3.0,
      0.0
    ],
    [
      305.31665,
      4.0,
      0.0
    ],
    [
      306.4854,
      4.0,
      0.0
    ],
    [
      308.66458,
      1.0,
      0.0
    ],
    [
      310.33542,
      4.0,
      0.0
    ],
    [
      312.7021,
      2.0,
      0.0
    ],
    [
      313.61667,
      1.0,
      0.5
    ],
    [
      316.3,
      2.0,
      0.5
    ],
    [
      317.40417,
      4.0,
      0.5
    ],
    [
      322.51666,
      4.0,
      0.0
    ],
    [
      325.1396,
      2.0,
      0.0
    ],
    [
      327.82083,
      2.0,
      0.0
    ],
    [
      328.86044,
      3.0,
      0.0
    ],
    [
      331.1042,
      2.0,
      0.0
    ],
    [
      332.42917,
      4.0,
      0.0
    ],
    [
      333.94165,
      1.0,
      0.0
    ],
    [
      336.31042,
      4.0,
      0.0
    ],
    [
      337.9521,
      4.0,
      0.0
    ],
    [
      339.75,
      1.0,
      0.0
    ],
    [
      342.08124,
      2.0,
      0.0
    ],
    [
      345.56042,
      4.0,
      0.0
    ],
    [
      345.59167,
      3.0,
      0.0
    ],
    [
      346.91666,
      2.0,
      0.0
    ],
    [
      348.77707,
      1.0,
      0.0
    ],
    [
      350.63748,
