{
  "song_filepath": "assets/songs/music_files/ForestLullaby.wav",
  "song_length": 138.0,
  "bpm": 163.0,
  "credits": "Goldn",
  "high_score": 0,
  "notes": [
    [
      2.2708335,
      1.0,
      0.0
    ],
    [
      3.7854168,
      2.0,
      0.0
    ],
    [
      4.195833,
      3.0,
      0.0
    ],
    [
      4.7937503,
      2.0,
      0.0
    ],
    [
      6.6270833,
      3.0,
      0.0
    ],
    [
      7.604167,
      1.0,
      0.0
    ],
    [
      8.614583,
      2.0,
      0.0
    ],
    [
      9.402082,
      4.0,
      0.0
    ],
    [
      9.654166,
      2.0,
      0.0
    ],
    [
      11.770834,
      2.0,
      0.0
    ],
    [
      12.654167,
      3.0,
      0.0
    ],
    [
      13.191667,
      1.0,
      0.0
    ],
    [
      14.075,
      4.0,
      0.0
    ],
    [
      14.672917,
      4.0,
      0.0
    ],
    [
      14.989584,
      4.0,
      0.0
    ],
    [
      16.191666,
      2.0,
      0.0
    ],
    [
      16.695833,
      2.0,
      0.0
    ],
    [
      19.28125,
      2.0,
      0.0
    ],
    [
      20.7,
      3.0,
      0.0
    ],
    [
      22.660418,
      4.0,
      0.0
    ],
    [
      24.55208,
      1.0,
      0.0
    ],
    [
      25.497917,
      3.0,
      0.0
    ],
    [
      26.160418,
      2.0,
      0.0
    ],
    [
      26.760416,
      4.0,
      0.0
    ],
    [
      27.772915,
      2.0,
      0.0
    ],
    [
      28.183334,
      2.0,
      0.0
    ],
    [
      28.783333,
      1.0,
      0.0
    ],
    [
      29.760418,
      1.0,
      0.0
    ],
    [
      30.202084,
      4.0,
      0.0
    ],
    [
      31.306248,
      4.0,
      0.0
    ],
    [
      31.714582,
      3.0,
      0.0
    ],
    [
      32.633335,
      4.0,
      0.0
    ],
    [
      33.233334,
      1.0,
      0.0
    ],
    [
      34.683334,
      1.0,
      0.0
    ],
    [
      36.260418,
      1.0,
      0.0
    ],
    [
      36.702084,
      3.0,
      0.0
    ],
    [
      36.985416,
      3.0,
      0.0
    ],
    [
      37.395832,
      1.0,
      0.0
    ],
    [
      37.7125,
      3.0,
      0.0
    ],
    [
      37.999996,
      4.0,
      0.0
    ],
    [
      38.597916,
      4.0,
      0.0
    ],
    [
      39.702084,
      1.0,
      0.0
    ],
    [
      40.679165,
      3.0,
      0.0
    ],
    [
      41.279167,
      4.0,
      0.0
    ],
    [
      41.752083,
      4.0,
      0.0
    ],
    [
      42.32083,
      4.0,
      0.0
    ],
    [
      42.95,
      1.0,
      0.0
    ],
    [
      44.310417,
      3.0,
      0.0
    ],
    [
      45.856255,
      3.0,
      0.0
    ],
    [
      46.32917,
      1.0,
      0.0
    ],
    [
      46.612495,
      3.0,
      0.0
    ],
    [
      47.30625,
      2.0,
      0.0
    ],
    [
      47.875,
      4.0,
      0.0
    ],
    [
      48.918755,
      4.0,
      0.0
    ],
    [
      49.864582,
      4.0,
      0.0
    ],
    [
      51.506252,
      4.0,
      0.0
    ],
    [
      52.3875,
      4.0,
      0.0
    ],
    [
      52.89375,
      3.0,
      0.0
    ],
    [
      53.90208,
      1.0,
      0.0
    ],
    [
      54.75833,
      4.0,
      0.0
    ],
    [
      56.42917,
      1.0,
      0.0
    ],
    [
      56.808334,
      3.0,
      0.0
    ],
    [
      58.479168,
      4.0,
      0.0
    ],
    [
      60.437496,
      1.0,
      0.0
    ],
    [
      60.722916,
      4.0,
      0.0
    ],
    [
      61.068752,
      1.0,
      0.0
    ],
    [
      61.416664,
      3.0,
      0.0
    ],
    [
      62.77292,
      2.0,
      0.0
    ],
    [
      69.620834,
      3.0,
      0.0
    ],
    [
      70.947914,
      2.0,
      0.0
    ],
    [
      71.2,
      4.0,
      0.0
    ],
    [
      73.31458,
      4.0,
      0.0
    ],
    [
      74.73333,
      2.0,
      0.0
    ],
    [
      76.25,
      1.0,
      0.0
    ],
    [
      76.629166,
      1.0,
      0.0
    ],
    [
      77.19583,
      2.0,
      0.0
    ],
    [
      78.331245,
      2.0,
      0.0
    ],
    [
      80.25625,
      4.0,
      0.0
    ],
    [
      81.07916,
      3.0,
      0.0
    ],
    [
      81.395836,
      3.0,
      0.0
    ],
    [
      84.07709,
      4.0,
      0.0
    ],
    [
      84.581245,
      2.0,
      0.0
    ],
    [
      86.09375,
      1.0,
      0.0
    ],
    [
      88.275,
      3.0,
      0.0
    ],
    [
      88.84167,
      2.0,
      0.0
    ],
    [
      89.94583,
      3.0,
      0.0
    ],
    [
      91.39792,
      2.0,
      0.0
    ],
    [
      92.31458,
      3.0,
      0.0
    ],
    [
      93.260414,
      1.0,
      0.0
    ],
    [
      93.60833,
      3.0,
      0.0
    ],
    [
      94.30208,
      1.0,
      0.0
    ],
    [
      95.24792,
      1.0,
      0.0
    ],
    [
      95.62708,
      3.0,
      0.0
    ],
    [
      96.0375,
      2.0,
      0.0
    ],
    [
      96.28959,
      4.0,
      0.0
    ],
    [
      97.46042,
      3.0,
      0.0
    ],
    [
      99.28959,
      1.0,
      0.0
    ],
    [
      99.825005,
      3.0,
      0.0
    ],
    [
      100.10834,
      4.0,
      0.0
    ],
    [
      101.243744,
      1.0,
      0.0
    ],
    [
      103.549995,
      2.0,
      0.0
    ],
    [
      104.52917,
      2.0,
      0.0
    ],
    [
      105.03333,
      3.0,
      0.0
    ],
    [
      105.285416,
      2.0,
      0.0
    ],
    [
      106.83125,
      1.0,
      0.0
    ],
    [
      107.208336,
      3.0,
      0.0
    ],
    [
      107.5875,
      2.0,
      0.0
    ],
    [
      108.254166,
      3.0,
      0.0
    ],
    [
      109.168755,
      1.0,
      0.0
    ],
    [
      109.54582,
      3.0,
      0.0
    ],
    [
      110.239586,
      2.0,
      0.0
    ],
    [
      112.575,
      2.0,
      0.0
    ],
    [
      113.46042,
      3.0,
      0.0
    ],
    [
      114.02917,
      1.0,
      0.0
    ],
    [
      115.54375,
      4.0,
      0.0
    ],
    [
      116.33125,
      1.0,
      0.0
    ],
    [
      117.27708,
      4.0,
      0.0
    ],
    [
      118.57082,
      2.0,
      0.0
    ],
    [
      118.85832,
      2.0,
      0.0
    ],
    [
      119.58333,
      2.0,
      0.0
    ],
    [
      120.0875,
      2.0,
      0.0
    ],
    [
      120.56042,
      4.0,
      0.0
    ],
    [
      121.981255,
      3.0,
      0.0
    ],
    [
      122.23333,
      2.0,
      0.0
    ],
    [
      123.052086,
      4.0,
      0.0
    ],
    [
      123.81042,
      3.0,
      0.0
    ],
    [
      124.12499,
      1.0,
      0.0
    ],
    [
      124.76042,
      2.0,
      0.0
    ],
    [
      126.08333,
      2.0,
      0.0
    ],
    [
      127.37708,
      4.0,
      0.0
    ],
    [
      129.08125,
      2.0,
      0.0
    ],
    [
      129.33333,
      2.0,
      0.0
    ],
    [
      129.77707,
      2.0,
      0.0
    ],
    [
      130.59792,
      4.0,
      0.0
    ],
    [
      131.13333,
      4.0,
      0.0
    ],
    [
      133.4375,
      2.0,
      0.0
    ],
    [
      133.81458,
      3.0,
      0.0
    ],
    [
      134.41458,
      3.0,
      0.0
    ],
    [
      134.76042,
      2.0,
      0.0
    ],
    [
      136.24792,
      3.0,
      0.0
    ],
    [
      136.72084,
      4.0,
      0.0
    ],
    [
      137.09792,
      4.0,
      0.0
    ],
    [
      137.38333,
      1.0,
      0.0
    ],
    [
      139.43333,
      3.0,
      0.0
    ],
    [
      140.85625,
      2.0,
      0.0
    ],
    [
      142.18124,
      3.0,
      0.0
    ],
    [
      142.68542,
      4.0,
      0.0
    ],
    [
      143.59999,
      3.0,
      0.0
    ],
    [
      144.16667,
      3.0,
      0.0
    ],
    [
      144.73541,
      4.0,
      0.0
    ],
    [
      145.49167,
      1.0,
      0.0
    ],
    [
      145.81042,
      1.0,
      0.0
    ],
    [
      148.11249,
      2.0,
      0.0
    ],
    [
      149.24791,
      3.0,
      0.0
    ],
    [
      150.38333,
      2.0,
      0.0
