{
  "song_filepath": "assets/songs/music_files/ForestLullaby.wav",
  "song_length": 138.0,
  "bpm": 163.0,
  "credits": "Forest Lullaby",
  "high_score": 600223,
  "notes": [
    [
      2.2708335,
      1.0,
      0.0
    ],
    [
      3.7854168,
      2.0,
      0.0
    ],
    [
      6.6270833,
      3.0,
      0.0
    ],
    [
      7.604167,
      1.0,
      0.0
    ],
    [
      8.614583,
      2.0,
      0.0
    ],
    [
      8.708334,
      4.0,
      0.0
    ],
    [
      11.770834,
      3.0,
      0.0
    ],
    [
      13.191667,
      4.0,
      0.0
    ],
    [
      14.672917,
      4.0,
      0.0
    ],
    [
      16.347918,
      4.0,
      0.0
    ],
    [
      16.695833,
      1.0,
      0.0
    ],
    [
      19.28125,
      2.0,
      0.0
    ],
    [
      20.7,
      4.0,
      0.0
    ],
    [
      20.795834,
      2.0,
      0.0
    ],
    [
      22.660418,
      2.0,
      0.0
    ],
    [
      22.691666,
      1.0,
      0.0
    ],
    [
      24.55208,
      1.0,
      0.0
    ],
    [
      25.497917,
      4.0,
      0.0
    ],
    [
      26.760416,
      1.0,
      0.0
    ],
    [
      28.183334,
      3.0,
      0.0
    ],
    [
      29.760418,
      1.0,
      0.0
    ],
    [
      31.306248,
      4.0,
      0.0
    ],
    [
      32.608334,
      3.0,
      1.5
    ],
    [
      34.683334,
      4.0,
      0.0
    ],
    [
      36.260418,
      4.0,
      0.0
    ],
    [
      37.395832,
      3.0,
      0.0
    ],
    [
      38.597916,
      2.0,
      1.0
    ],
    [
      39.702084,
      4.0,
      0.0
    ],
    [
      40.679165,
      4.0,
      0.0
    ],
    [
      41.752083,
      4.0,
      0.0
    ],
    [
      42.32083,
      1.0,
      0.0
    ],
    [
      44.310417,
      4.0,
      0.0
    ],
    [
      45.856255,
      1.0,
      0.0
    ],
    [
      47.875,
      1.0,
      0.0
    ],
    [
      48.918755,
      3.0,
      0.0
    ],
    [
      49.864582,
      3.0,
      0.0
    ],
    [
      51.506252,
      2.0,
      0.0
    ],
    [
      52.3875,
      4.0,
      0.0
    ],
    [
      53.90208,
      2.0,
      0.0
    ],
    [
      54.75833,
      1.0,
      0.0
    ],
    [
      56.42917,
      1.0,
      0.0
    ],
    [
      56.902084,
      4.0,
      0.0
    ],
    [
      58.479168,
      3.0,
      0.0
    ],
    [
      60.437496,
      3.0,
      0.0
    ],
    [
      60.722916,
      4.0,
      0.0
    ],
    [
      61.416664,
      1.0,
      6.0
    ],
    [
      69.652084,
      3.0,
      0.0
    ],
    [
      70.947914,
      4.0,
      0.0
    ],
    [
      73.31458,
      1.0,
      0.0
    ],
    [
      74.73333,
      3.0,
      0.0
    ],
    [
      76.25,
      3.0,
      0.0
    ],
    [
      77.19583,
      2.0,
      0.0
    ],
    [
      78.331245,
      2.0,
      0.0
    ],
    [
      81.07916,
      3.0,
      0.0
    ],
    [
      81.395836,
      1.0,
      0.0
    ],
    [
      84.07709,
      3.0,
      0.0
    ],
    [
      84.17084,
      2.0,
      0.0
    ],
    [
      86.09375,
      3.0,
      0.0
    ],
    [
      86.12708,
      1.0,
      0.0
    ],
    [
      88.275,
      4.0,
      1.5
    ],
    [
      88.30625,
      1.0,
      0.0
    ],
    [
      89.94583,
      2.0,
      0.0
    ],
    [
      91.39792,
      2.0,
      0.0
    ],
    [
      92.41042,
      4.0,
      0.0
    ],
    [
      93.260414,
      3.0,
      0.0
    ],
    [
      94.30208,
      1.0,
      0.0
    ],
    [
      95.24792,
      2.0,
      0.0
    ],
    [
      96.0375,
      4.0,
      2.0
    ],
    [
      99.35209,
      3.0,
      0.0
    ],
    [
      101.243744,
      3.0,
      0.0
    ],
    [
      101.30833,
      4.0,
      0.0
    ],
    [
      103.549995,
      4.0,
      0.0
    ],
    [
      103.770836,
      1.0,
      0.0
    ],
    [
      104.77917,
      2.0,
      0.75
    ],
    [
      106.83125,
      4.0,
      0.0
    ],
    [
      107.42916,
      3.0,
      0.0
    ],
    [
      108.254166,
      2.0,
      0.0
    ],
    [
      109.168755,
      4.0,
      0.0
    ],
    [
      113.46042,
      4.0,
      0.0
    ],
    [
      115.54375,
      2.0,
      0.0
    ],
    [
      116.33125,
      2.0,
      0.0
    ],
    [
      116.362495,
      3.0,
      0.0
    ],
    [
      117.27708,
      3.0,
      0.0
    ],
    [
      118.57082,
      4.0,
      0.0
    ],
    [
      119.58333,
      1.0,
      0.0
    ],
    [
      120.56042,
      1.0,
      0.0
    ],
    [
      121.981255,
      2.0,
      0.0
    ],
    [
      122.35833,
      4.0,
      0.0
    ],
    [
      123.81042,
      3.0,
      0.0
    ],
    [
      124.12499,
      1.0,
      0.0
    ],
    [
      126.08333,
      1.0,
      0.0
    ],
    [
      127.37708,
      4.0,
      0.0
    ],
    [
      129.08125,
      1.0,
      0.0
    ],
    [
      129.77707,
      2.0,
      0.0
    ],
    [
      130.59792,
      3.0,
      0.0
    ],
    [
      131.13333,
      1.0,
      0.0
    ],
    [
      131.69792,
      3.0,
      0.0
    ],
    [
      133.4375,
      1.0,
      0.0
    ],
    [
      133.81458,
      4.0,
      0.0
    ],
    [
      134.92291,
      2.0,
      0.0
    ],
    [
      136.72084,
      2.0,
      0.0
    ],
    [
      137.09792,
      3.0,
      0.0
    ],
    [
      137.41249,
      1.0,
      0.0
    ],
    [
      139.43333,
      4.0,
      1.25
    ],
    [
      142.18124,
      4.0,
      0.0
    ],
    [
      142.68542,
      2.0,
      0.0
    ],
    [
      143.59999,
      3.0,
      0.0
    ],
    [
      144.73541,
      4.0,
      0.0
    ],
    [
      145.81042,
      2.0,
      0.0
    ],
    [
      145.84166,
      1.0,
      0.0
    ],
    [
      148.11249,
      1.0,
      0.0
    ],
    [
      148.14583,
      4.0,
      0.0
    ],
    [
      149.46875,
      2.0,
      0.0
    ],
    [
      150.60417,
      3.0,
      0.0
    ],
    [
      151.74167,
      3.0,
      0.0
    ],
    [
      153.32085,
      2.0,
      0.0
    ],
    [
      154.96042,
      3.0,
      0.0
    ],
    [
      155.46667,
      2.0,
      0.0
    ],
    [
      156.79375,
      4.0,
      0.0
    ],
    [
      157.58333,
      4.0,
      0.0
    ],
    [
      158.56041,
      1.0,
      0.0
    ],
    [
      158.59167,
      2.0,
      0.0
    ],
    [
      160.04375,
      2.0,
      1.0
    ],
    [
      162.50624,
      4.0,
      0.0
    ],
    [
      164.02083,
      3.0,
      0.0
    ],
    [
      164.93541,
      4.0,
      0.0
    ],
    [
      166.29166,
      2.0,
      0.0
    ],
    [
      166.60625,
      4.0,
      0.0
    ],
    [
      167.075,
      1.0,
      0.0
    ],
    [
      169.48125,
      3.0,
      0.0
    ],
    [
      171.18333,
      1.0,
      0.0
    ],
    [
      171.27707,
      4.0,
      0.0
    ],
    [
      173.39374,
      4.0,
      0.0
    ],
    [
      174.78334,
      3.0,
      0.0
    ],
    [
      177.08542,
      4.0,
      0.0
    ],
    [
      178.41249,
      4.0,
      0.0
    ],
    [
      180.14792,
      4.0,
      0.0
    ],
    [
      180.62083,
      2.0,
      1.5
    ],
    [
      180.65207,
      3.0,
      0.0
    ],
    [
      182.70207,
      2.0,
      3.0
    ],
    [
      186.39583,
      3.0,
      2.0
    ],
    [
      188.92293,
      1.0,
      0.0
    ],
    [
      189.83751,
      4.0,
      0.0
    ],
    [
      191.79375,
      4.0,
      0.0
    ],
    [
      192.39166,
      3.0,
      0.0
    ],
    [
      194.32085,
      1.0,
      0.0
    ],
    [
      194.6354,
      2.0,
      0.0
    ],
    [
      195.20416,
      1.0,
      0.0
    ],
    [
      195.67918,
      2.0,
      1.25
    ],
    [
      197.7896,
      3.0,
      0.0
    ],
    [
      199.36665,
      3.0,
      0.0
    ],
    [
      200.34792,
      3.0,
      0.0
    ],
    [
      201.29375,
      1.0,
      0.0
    ],
    [
      202.17706,
      4.0,
      0.0
    ],
    [
